﻿Review_Text,label
"좋은책이다  이책을  계기로  많은생각을
하게되었댜...",1
"인생에도 공략집이 있다. 자의식 해체, 유전자오작동 극복, 독서와 글쓰기",1
책이 정말 쉽게 읽히는 편이에여,1
너무 따듯해요❣️,1
재밌어요 난테크 해봐야겠네여,1
재밋어요 잘들음요,1
재밌네요ㅅ.ㅅ,1
"웃다가 울다가 했습니다. 
참 잘 들었습니다. 

가고 있다, 집이 너무 멀다~^^",1
마음 깊이 공감이 가는 우리 대한민국 가족들의 삶이네요.. 밤 세며 다 읽었습니다...,1
흥미롭게 읽다가 마지막에 이르러서는 왠지 눈물이 또르르 흘렀네요,1
진솔하고 담담한 서술 아래 스며있던 은은한 서글픔이 마지막 장에 이르러 진득하게 머문다,1
재밌고 공감가고 가슴아프다가 마지막엔 눈물 나는 책,1
깊이 공감됩니다. 그리고 정말 재미있게 읽었습니다. (^_^),1
솔직해서 좋은 책이네요. 우리에게 집이란 무엇일지에 대해 다시 생각해보게 되었습니다,1
가볍게 읽기 시작했다가 후반부에 찡찡 울면서 봤네요 ㅎㅎㅎ잘 봤어요,1
재미있네요,1
재밌이이이있다,1
재미쒀여 !!,1
빨리 보고 싶다고오오오오오오오오!!!,1
"너무 궁금해
빨리 읽고 싶어요8282",1
아싸!!!,1
북토크도 좋았어요,1
위로를 주는 책,1
부드럽고 따뜻한책,1
잘 디자인된 문장이 마음에도 와 닿네요,1
간직하고 싶은 문장이 많았던 책입니다.,1
가볍게 읽히는데 무게가 있고 여운이 남는 책,1
편하게 듣기 좋아요. 오디오북 완독 후 종이책으로도 다시 봄,1
잔잔하게 듣기좋습니다. 오디오북으로 틀어놓고 힐링용으로 딱이네요.,1
가볍게 들으며 청소할때 딱,1
힐링소설❤️,1
"재밌는 소재를 노잼으로 써낸듯, 아이디어는 좋았으나 뒷심이 부족했다",1
"사랑에 솔직하지 못해 엇갈렸지만, 결국은 해피엔딩.
사랑의 힘은 대단하다.",1
너무 재미있네요~ ^^,1
다음편도 빨리 나왔으면 좋겠어요~,1
와.우.이.것.은.정.말.재.밌.는.,1
너무너무 재밌어요~♡^^,1
우와! 엄청 재미있어요!,1
이훤씨가 글도 잘 쓰시네요.,1
감사합니다,1
"인생을 살면서 한번쯤 해봤을 고민과 생각에 대한 답변들
종이책으로 소장하고 싶은 책",1
좋은글 감사합니다,1
나 진심 2권이랑 다 읽었다. 💖 넘 잼있어,1
상식이 느는책,1
재밌는데요~강추,1
전 재미있었어요. 아이 엄마입니다.,1
완독합니다,1
재밌네요🫶,1
나름 괜찮음 읽을만함,1
완결까지 본건 오랜만이네요,1
마음편하게 볼만합니다,1
꿀잼임  ㄹㅇㅋㅋ,1
오오오오오,1
"너무너무 귀엽고 재밌어요!!
내가 1빠댓글!",1
정말 귀엽당,1
너무 귀여워용,1
귀엽고 훈훈하네요 마음이,1
"너무 재미있게 읽었어요.
일기를 읽는 듯한 느낌도 들어요!",1
ㅎㅎㅎㅎㅎㅎㅎ,1
편안하게 읽으며 위로받을 수 있는 그런 책,1
재밌었어요. 소소한 일상,1
로컬 관련 내용 인상깊네요!,1
너무 좋습니다!,1
"가볍게 읽기에 좋은책, 당신의 예민함은 잘 못이 아니다를 풀어서 이야기 해 주는 책",1
힐링하고갑니당,1
쉽게 우울해지는 사람에게 도움이 되는 책,1
읽어 볼만은 합니다.,1
재밌는데 뭔가 아쉽습니다.,0
1권 못넘기고 하차..,0
솔직히 별로임.. ㅎㅎㅎㅎ,0
"시간만 버림 - 레버리지라는 이름으로 빚내는법, 껍데기뿐인 내용",0
개인적으로 별로 입니다  솔직히  주언규의 책은 거르는게 좋다고 봅니다,0
기대했지만 별로,0
별로다 내용이없음,0
쓸데없는 성적묘사가 넘무많아서 별로임 경찰은 첨부터끝까지 쓰레기같로별로.. 죽었어야함 떼잉,0
읽으면서 답답했어요.. 여주가 무능력이라 좀 별로였네요.. 너무 신데렐라라 별로...,0
아이돌픽은 참 힘드네요. 재미없어요.,0
어색한 문장이 좀 많아보입니다.,0
재미없다 반정도 읽었는데 지루해,0
읽는데 이렇게 오래 걸린 소설은 처음,0
"기본은 해야하는데, 재미없네요",0
"설렁설렁 허술하니, 재미없네요.",0
"도대체 무슨 소린지, 재미없네요.",0
단순 과학 지식의 나열인데.. 그닥 재미없어요.,0
재미없네. 유치짬뽕.,0
진짜 드럽게 재미없다. 포기,0
"흐지부지 허술하니, 재미없네요.",0
무슨 레포트 보는것 처럼 딱딱하고 글씨도 작아서 가독성 떨어짐 ㅠ 일단 책이 재미없음 ㅠ,0
이딴 종이 아까운 책좀 그만내라,0
시간아까운책,0
이야기가 너무 비현실적이라 오글거려 차마 다 못읽겠네요.,0
별로.....딱히 공감도 안가고 sns 에 오글거리는 감성글  같고. ..,0
호불호 : 불 / 전권 완독 / 다시 읽지 않음 / 1권 부터 스킵하게 만드는 소설,0
호불호: 불 / 1권 하차 / 다시 읽지 않음 / 무슨 이야기를 하려는지 모르겠음.,0
호불호 : 불 / 다시 읽지 않음 / 중구난방 정리 되지 않는 스토리,0
호불호:불/ 6권 하차 /다시 읽지 않음 / 중구 남방과 오타의 환장 콜라보,0
"호불호 : 불 / 다시 읽지 않음 / 다양한 소재, 따로 놀게하는 필력",0
호불호 : 불 / 다시 읽지 않음 / 필력이 소재를 못살림,0
"호불호 : 불 / 다시 읽지 않음 / 개연성 부족, 파워 엔트로피 중구남방",0
글자체가 오바과장허세임. 성희롱성추행을 아무렇지않게함. 작가사상이의심됨. 낭만같은소리하네,0
시간낭비 비추,0
반복되는 좆전. 회상씬이 지루,0
재미없다 반정도 읽었는데 지루해,0
저는 조금 지루했어요. 이유는 모르겠는데 제 성향과 다른책이네요.,0
"재미는 있는데...영화 얘기 넘 길고 지루해요, 과유불급.. .",0
필력이 많이 부족하고 읽다보면 잉? 스러운 부분이 꽤 많습니다.,0
필력이 부족해서 인물들 감정들이 급발진으로 느껴짐..,0
ㅋㅋㅋㅋ필력이 좀 떨어져서 몰입도 또한 떨어지는 작품이지만 진짜 킬링타임용으로는 굿,0
애들 장난이네. 재미없네요.,0
흡입력이 좀 떨어지는 느낌. 그래도 연자씨가 삶을 대하는 태도는 뭉클하고 기억에 남네요.,0
